{"cameraMode":{"drawMode":0,"name":"Shaded","section":"Shading Mode"},"sceneLighting":false,"audioPlay":false,"sceneViewState":{"m_AlwaysRefresh":false,"showFog":true,"showSkybox":false,"showFlares":true,"showImageEffects":true,"showParticleSystems":true,"showVisualEffectGraphs":true,"m_FxEnabled":true},"in2DMode":false,"pivot":{"x":99.39238739013672,"y":31.377899169921876,"z":999.054931640625},"rotation":{"x":-0.004803727380931377,"y":-0.04888501763343811,"z":0.00023846699332352728,"w":-0.9988093376159668},"size":563.9434204101563,"orthographic":false}